symbol,date,title,source,sentiment
MBB,,"MỚI NHẤT!






Đóng cửa phiên 5/9, toàn ngành ngân hàng ghi nhận 25/27 giảm giá. Trong đó, SHB là mã ngân hàng giảm mạnh nhất và thanh khoản đứng đầu cả 3 sàn.
Cổ phiếu nhóm này tăng mạnh trong bối c",cafef.vn,0.0
MBB,,"
                                Thứ Sáu, 07/11/2025
                            








MBB cho biết, các lô trái phiếu được đề cập đều đã được MB thực hiện đầy đủ nghĩa vụ, phần lớn đã tất toán, ",vneconomy.vn,0.0
MBB,,"Vietstock – Cổng thông tin tài chính và chứng khoán chính thức hoạt động từ ngày 02/08/2002, với định hướng trở thành người bạn đồng hành đáng tin cậy của nhà đầu tư. Ngay từ những ngày đầu, Vietstock",vietstock.vn,0.0
MBB,,"Vietstock – Cổng thông tin tài chính và chứng khoán chính thức hoạt động từ ngày 02/08/2002, với định hướng trở thành người bạn đồng hành đáng tin cậy của nhà đầu tư. Ngay từ những ngày đầu, Vietstock",vietstock.vn,0.0
MBB,,"Chăm sóc khách hàng
Chăm sóc khách hàng
© Bản quyền thuộc về Vietstock
Vietstock trân trọng thông báo đến Quý Khách hàng về việc áp dụng “Chính sách quyền riêng tư” căn cứ theo Nghị định số 13/2023/NĐ",finance.vietstock.vn,0.0
MBB,,"
                                Thứ Sáu, 07/11/2025
                            






Báo cáo tổng kết xu hướng tìm kiếm nổi bật của người Việt trong quý 2/2022 vừa được trình duyệt và công cụ tìm",vneconomy.vn,0.0
